{
  "group": "trest",
  "type": "minecraft:crafting_shaped",
  "pattern": [
    "012",
    "345",
    "678"
  ],
  "key": {
    "0": {
      "item": "minecraft:obsidian"
    },
    "1": {
      "item": "minecraft:beacon"
    },
    "2": {
      "item": "minecraft:obsidian"
    },
    "3": {
      "item": "minecraft:nether_star"
    },
    "4": {
      "item": "minecraft:spawner"
    },
    "5": {
      "item": "minecraft:nether_star"
    },
    "6": {
      "item": "minecraft:obsidian"
    },
    "7": {
      "item": "minecraft:enchanted_golden_apple"
    },
    "8": {
      "item": "minecraft:obsidian"
    }
  },
  "result": {
    "item": "minecraft:bedrock",
    "count": 1
  }
}