{
  "group": "trest",
  "type": "minecraft:crafting_shaped",
  "pattern": [
    "012",
    "345",
    " 7 "
  ],
  "key": {
    "0": {
      "item": "minecraft:gold_ingot"
    },
    "1": {
      "item": "minecraft:emerald"
    },
    "2": {
      "item": "minecraft:gold_ingot"
    },
    "3": {
      "item": "minecraft:gold_nugget"
    },
    "4": {
      "item": "minecraft:enchanted_book"
    },
    "5": {
      "item": "minecraft:gold_nugget"
    },
    "7": {
      "item": "minecraft:gold_ingot"
    }
  },
  "result": {
    "item": "minecraft:totem_of_undying",
    "count": 1
  }
}